date,title,artist,view_type,Global_position,Global_streams,US_position,US_streams,PH_position,PH_streams,AU_position,AU_streams,CA_position,CA_streams,GB_position,GB_streams,MY_position,MY_streams,TW_position,TW_streams,DE_position,DE_streams,SG_position,SG_streams,KR_position,KR_streams,NZ_position,NZ_streams,HK_position,HK_streams,SE_position,SE_streams,NO_position,NO_streams,HU_position,HU_streams,AE_position,AE_streams,DK_position,DK_streams,IS_position,IS_streams,SA_position,SA_streams,IE_position,IE_streams,CH_position,CH_streams,EE_position,EE_streams,song_id,MX_position,MX_streams,ID_position,ID_streams,BR_position,BR_streams,FR_position,FR_streams,PL_position,PL_streams,ES_position,ES_streams,TH_position,TH_streams,NL_position,NL_streams,CL_position,CL_streams,IT_position,IT_streams,JP_position,JP_streams,PE_position,PE_streams,CO_position,CO_streams,AR_position,AR_streams,ZA_position,ZA_streams,BE_position,BE_streams,CZ_position,CZ_streams,AT_position,AT_streams,FI_position,FI_streams,PT_position,PT_streams,IL_position,IL_streams,RO_position,RO_streams,GR_position,GR_streams,NG_position,NG_streams,SK_position,SK_streams,CR_position,CR_streams,EC_position,EC_streams,PK_position,PK_streams,VE_position,VE_streams,GT_position,GT_streams,BO_position,BO_streams,UA_position,UA_streams,PA_position,PA_streams,VN_position,VN_streams,LT_position,LT_streams,KZ_position,KZ_streams,DO_position,DO_streams,BG_position,BG_streams,SV_position,SV_streams,LV_position,LV_streams,LU_position,LU_streams,UY_position,UY_streams,HN_position,HN_streams,PY_position,PY_streams,NI_position,NI_streams
2025-07-18,"TAKEDOWN (JEONGYEON, JIHYO, CHAEYOUNG)",TWICE,daily,69,1909899,57,541688,79,184252,59,77729,86,78658,,,30,41643,24,38109,,,23,27914,28,20225,45,14455,61,9443,,,,,167.0,6571.0,98,3502,,,,,,,,,,,,,19GxfaRs5KdurzPKLVX3Cq,,,,,,,,,,,,,,,,,,,,,,,,,,,,,,,,,,,,,,,,,,,,,,,,,,,,,,,,,,,,,,,,,,,,,,,,,,,,,,,,,,,,,,,,,,
2025-07-19,"TAKEDOWN (JEONGYEON, JIHYO, CHAEYOUNG)",TWICE,daily,70,1814506,59,514740,80,173806,52,76840,91,73315,185.0,77409.0,28,43519,23,35341,,,20,27177,28,20206,37,14826,58,8591,,,,,185.0,6009.0,114,3062,,,,,,,,,,,,,19GxfaRs5KdurzPKLVX3Cq,,,,,,,,,,,,,,,,,,,,,,,,,,,,,,,,,,,,,,,,,,,,,,,,,,,,,,,,,,,,,,,,,,,,,,,,,,,,,,,,,,,,,,,,,,
2025-07-20,"TAKEDOWN (JEONGYEON, JIHYO, CHAEYOUNG)",TWICE,daily,65,1693740,52,478910,86,172560,53,76476,83,68405,173.0,74330.0,33,40620,21,32911,195.0,64963.0,22,26836,30,20349,41,14009,63,5992,,,,,173.0,5598.0,133,2660,,,,,,,,,,,,,19GxfaRs5KdurzPKLVX3Cq,,,,,,,,,,,,,,,,,,,,,,,,,,,,,,,,,,,,,,,,,,,,,,,,,,,,,,,,,,,,,,,,,,,,,,,,,,,,,,,,,,,,,,,,,,
2025-07-21,"TAKEDOWN (JEONGYEON, JIHYO, CHAEYOUNG)",TWICE,daily,71,1839223,62,529932,93,161267,65,77371,85,74886,197.0,79001.0,34,38376,20,38248,187.0,72473.0,21,28038,34,20508,56,13331,54,10141,,,,,169.0,6385.0,114,3286,,,,,,,,,,,,,19GxfaRs5KdurzPKLVX3Cq,,,,,,,,,,,,,,,,,,,,,,,,,,,,,,,,,,,,,,,,,,,,,,,,,,,,,,,,,,,,,,,,,,,,,,,,,,,,,,,,,,,,,,,,,,
2025-07-22,"TAKEDOWN (JEONGYEON, JIHYO, CHAEYOUNG)",TWICE,daily,76,1779799,63,524405,95,150811,68,73222,85,73723,,,35,35839,21,36152,188.0,71335.0,23,27265,42,19409,60,13066,61,9344,,,,,175.0,6002.0,119,3171,,,,,,,,,,,,,19GxfaRs5KdurzPKLVX3Cq,,,,,,,,,,,,,,,,,,,,,,,,,,,,,,,,,,,,,,,,,,,,,,,,,,,,,,,,,,,,,,,,,,,,,,,,,,,,,,,,,,,,,,,,,,
2025-07-23,"TAKEDOWN (JEONGYEON, JIHYO, CHAEYOUNG)",TWICE,daily,78,1798749,63,522100,95,158365,71,73468,88,73218,184.0,80224.0,32,35923,20,36223,175.0,73270.0,23,26874,38,18941,63,12852,63,9166,,,,,169.0,6051.0,106,3236,,,,,,,,,,,,,19GxfaRs5KdurzPKLVX3Cq,,,,,,,,,,,,,,,,,,,,,,,,,,,,,,,,,,,,,,,,,,,,,,,,,,,,,,,,,,,,,,,,,,,,,,,,,,,,,,,,,,,,,,,,,,
2025-07-24,"TAKEDOWN (JEONGYEON, JIHYO, CHAEYOUNG)",TWICE,daily,73,1814074,62,528001,93,159282,64,74928,81,74531,176.0,83763.0,33,36789,20,36019,182.0,73825.0,21,27168,37,19505,63,13145,58,9400,,,,,164.0,6091.0,106,3277,,,,,,,,,,,,,19GxfaRs5KdurzPKLVX3Cq,,,,,,,,,,,,,,,,,,,,,,,,,,,,,,,,,,,,,,,,,,,,,,,,,,,,,,,,,,,,,,,,,,,,,,,,,,,,,,,,,,,,,,,,,,
2025-07-25,"TAKEDOWN (JEONGYEON, JIHYO, CHAEYOUNG)",TWICE,daily,74,1834125,68,529996,85,161559,62,73533,85,75067,184.0,86418.0,29,39528,19,37082,,,22,26745,32,20007,56,14397,56,9150,,,,,,,130,3054,,,,,,,,,,,,,19GxfaRs5KdurzPKLVX3Cq,,,,,,,,,,,,,,,,,,,,,,,,,,,,,,,,,,,,,,,,,,,,,,,,,,,,,,,,,,,,,,,,,,,,,,,,,,,,,,,,,,,,,,,,,,
2025-07-26,"TAKEDOWN (JEONGYEON, JIHYO, CHAEYOUNG)",TWICE,daily,70,1780088,64,510121,89,164563,40,84738,86,72882,174.0,79929.0,28,40563,20,33780,,,16,27257,37,18500,42,14941,55,8585,,,,,174.0,5889.0,122,2959,,,,,,,,,,,,,19GxfaRs5KdurzPKLVX3Cq,,,,,,,,,,,,,,,,,,,,,,,,,,,,,,,,,,,,,,,,,,,,,,,,,,,,,,,,,,,,,,,,,,,,,,,,,,,,,,,,,,,,,,,,,,
2025-07-27,"TAKEDOWN (JEONGYEON, JIHYO, CHAEYOUNG)",TWICE,daily,63,1668206,60,474857,99,162524,52,84427,85,69180,131.0,75131.0,33,37639,21,31896,,,18,26120,37,17774,45,13930,57,7680,,,169.0,10093.0,161.0,5421.0,106,2753,,,,,,,,,,,,,19GxfaRs5KdurzPKLVX3Cq,,,,,,,,,,,,,,,,,,,,,,,,,,,,,,,,,,,,,,,,,,,,,,,,,,,,,,,,,,,,,,,,,,,,,,,,,,,,,,,,,,,,,,,,,,
2025-07-28,"TAKEDOWN (JEONGYEON, JIHYO, CHAEYOUNG)",TWICE,daily,63,1764503,55,512965,86,162879,74,75685,78,73552,146.0,84106.0,38,34053,21,32790,,,23,26781,41,17379,56,12542,55,8730,,,182.0,10756.0,161.0,6276.0,103,3228,,,,,,,,,,,,,19GxfaRs5KdurzPKLVX3Cq,,,,,,,,,,,,,,,,,,,,,,,,,,,,,,,,,,,,,,,,,,,,,,,,,,,,,,,,,,,,,,,,,,,,,,,,,,,,,,,,,,,,,,,,,,
2025-07-29,"TAKEDOWN (JEONGYEON, JIHYO, CHAEYOUNG)",TWICE,daily,58,1839552,52,532498,80,175343,61,77751,71,76374,135.0,84783.0,32,36263,20,34244,179.0,72942.0,21,27875,39,17421,41,13521,50,9169,184.0,18377.0,161.0,10955.0,164.0,6167.0,100,3343,,,188.0,1023.0,,,,,,,,,19GxfaRs5KdurzPKLVX3Cq,,,,,,,,,,,,,,,,,,,,,,,,,,,,,,,,,,,,,,,,,,,,,,,,,,,,,,,,,,,,,,,,,,,,,,,,,,,,,,,,,,,,,,,,,,
2025-07-30,"TAKEDOWN (JEONGYEON, JIHYO, CHAEYOUNG)",TWICE,daily,61,1841991,52,534884,84,175101,59,77774,73,76809,138.0,86427.0,36,35256,19,34203,176.0,73434.0,22,27891,43,16661,41,13622,48,9391,,,159.0,11185.0,173.0,6295.0,90,3480,,,,,,,,,,,,,19GxfaRs5KdurzPKLVX3Cq,,,,,,,,,,,,,,,,,,,,,,,,,,,,,,,,,,,,,,,,,,,,,,,,,,,,,,,,,,,,,,,,,,,,,,,,,,,,,,,,,,,,,,,,,,
2025-07-31,"TAKEDOWN (JEONGYEON, JIHYO, CHAEYOUNG)",TWICE,daily,58,1803509,50,528777,87,164021,62,76316,74,75293,138.0,85562.0,32,35415,21,33980,180.0,74573.0,22,26650,45,15905,41,13825,48,9569,,,161.0,11200.0,167.0,6293.0,99,3283,,,,,,,,,,,,,19GxfaRs5KdurzPKLVX3Cq,,,,,,,,,,,,,,,,,,,,,,,,,,,,,,,,,,,,,,,,,,,,,,,,,,,,,,,,,,,,,,,,,,,,,,,,,,,,,,,,,,,,,,,,,,
2025-08-01,"TAKEDOWN (JEONGYEON, JIHYO, CHAEYOUNG)",TWICE,daily,69,1837652,56,538967,89,160337,56,77493,77,77696,136.0,90867.0,32,36610,19,35633,,,21,26672,44,15977,38,15300,55,9269,,,178.0,11662.0,184.0,6253.0,104,3277,,,,,,,,,,,,,19GxfaRs5KdurzPKLVX3Cq,,,,,,,,,,,,,,,,,,,,,,,,,,,,,,,,,,,,,,,,,,,,,,,,,,,,,,,,,,,,,,,,,,,,,,,,,,,,,,,,,,,,,,,,,,
2025-08-02,"TAKEDOWN (JEONGYEON, JIHYO, CHAEYOUNG)",TWICE,daily,64,1842272,49,535835,88,171290,39,92367,73,74966,127.0,88577.0,32,40711,21,32922,,,17,27634,43,15451,34,16185,49,8397,,,160.0,11347.0,175.0,6056.0,114,3034,,,,,,,,,,,,,19GxfaRs5KdurzPKLVX3Cq,,,,,,,,,,,,,,,,,,,,,,,,,,,,,,,,,,,,,,,,,,,,,,,,,,,,,,,,,,,,,,,,,,,,,,,,,,,,,,,,,,,,,,,,,,
2025-08-03,"TAKEDOWN (JEONGYEON, JIHYO, CHAEYOUNG)",TWICE,daily,51,1824698,44,523836,77,186994,35,95639,63,73342,110.0,85007.0,33,38684,21,33028,161.0,67780.0,18,27535,46,14891,36,14962,47,8569,136.0,19380.0,105.0,12094.0,128.0,6158.0,105,2920,193.0,8772.0,,,,,,,,,,,19GxfaRs5KdurzPKLVX3Cq,,,,,,,,,,,,,,,,,,,,,,,,,,,,,,,,,,,,,,,,,,,,,,,,,,,,,,,,,,,,,,,,,,,,,,,,,,,,,,,,,,,,,,,,,,
2025-08-04,"TAKEDOWN (JEONGYEON, JIHYO, CHAEYOUNG)",TWICE,daily,59,1884116,42,556417,85,169194,45,86324,60,75987,114.0,92136.0,35,34435,19,35466,164.0,73749.0,20,28147,47,16130,40,13654,55,9531,161.0,19770.0,129.0,12079.0,154.0,6593.0,96,3372,,,161.0,1061.0,,,,,,,,,19GxfaRs5KdurzPKLVX3Cq,,,,,,,,,,,,,,,,,,,,,,,,,,,,,,,,,,,,,,,,,,,,,,,,,,,,,,,,,,,,,,,,,,,,,,,,,,,,,,,,,,,,,,,,,,
2025-08-05,"TAKEDOWN (JEONGYEON, JIHYO, CHAEYOUNG)",TWICE,daily,62,1836516,44,550107,98,158843,48,84692,55,77068,120.0,90085.0,35,33423,22,33952,171.0,71427.0,20,27510,54,15332,41,13379,56,7365,153.0,19664.0,141.0,11620.0,161.0,6407.0,104,3278,,,147.0,1057.0,,,,,,,,,19GxfaRs5KdurzPKLVX3Cq,,,,,,,,,,,,,,,,,,,,,,,,,,,,,,,,,,,,,,,,,,,,,,,,,,,,,,,,,,,,,,,,,,,,,,,,,,,,,,,,,,,,,,,,,,
2025-08-06,"TAKEDOWN (JEONGYEON, JIHYO, CHAEYOUNG)",TWICE,daily,62,1845963,46,551428,98,158953,43,88965,59,76597,118.0,91013.0,33,33112,21,34225,180.0,71062.0,21,27791,55,14723,40,14089,53,9419,152.0,19868.0,130.0,12162.0,173.0,6150.0,91,3435,,,155.0,1046.0,,,,,,,,,19GxfaRs5KdurzPKLVX3Cq,,,,,,,,,,,,,,,,,,,,,,,,,,,,,,,,,,,,,,,,,,,,,,,,,,,,,,,,,,,,,,,,,,,,,,,,,,,,,,,,,,,,,,,,,,
2025-08-07,"TAKEDOWN (JEONGYEON, JIHYO, CHAEYOUNG)",TWICE,daily,61,1869337,45,558745,93,159522,42,89056,57,78901,112.0,93423.0,32,34517,21,33987,182.0,72340.0,20,27469,57,14832,36,14990,59,9444,135.0,20820.0,118.0,12939.0,189.0,6135.0,98,3365,,,149.0,1197.0,,,,,,,,,19GxfaRs5KdurzPKLVX3Cq,,,,,,,,,,,,,,,,,,,,,,,,,,,,,,,,,,,,,,,,,,,,,,,,,,,,,,,,,,,,,,,,,,,,,,,,,,,,,,,,,,,,,,,,,,
2025-08-08,"TAKEDOWN (JEONGYEON, JIHYO, CHAEYOUNG)",TWICE,daily,62,1903916,44,570505,90,158411,41,89685,58,80868,120.0,99877.0,35,35967,23,34745,,,22,27581,58,14915,30,16593,56,9392,183.0,21744.0,132.0,13711.0,,,87,3511,,,180.0,1146.0,,,,,,,,,19GxfaRs5KdurzPKLVX3Cq,,,,,,,,,,,,,,,,,,,,,,,,,,,,,,,,,,,,,,,,,,,,,,,,,,,,,,,,,,,,,,,,,,,,,,,,,,,,,,,,,,,,,,,,,,
2025-08-09,"TAKEDOWN (JEONGYEON, JIHYO, CHAEYOUNG)",TWICE,daily,55,1917621,38,576533,87,168485,29,105779,55,81758,109.0,97172.0,31,39925,22,34547,,,28,24399,53,14364,23,17209,50,8970,157.0,21883.0,100.0,13658.0,179.0,6008.0,96,3302,,,,,,,,,,,,,19GxfaRs5KdurzPKLVX3Cq,,,,,,,,,,,,,,,,,,,,,,,,,,,,,,,,,,,,,,,,,,,,,,,,,,,,,,,,,,,,,,,,,,,,,,,,,,,,,,,,,,,,,,,,,,
2025-08-10,"TAKEDOWN (JEONGYEON, JIHYO, CHAEYOUNG)",TWICE,daily,54,1795559,39,533110,96,166804,29,102301,53,77797,96.0,91965.0,34,34958,22,31636,179.0,66384.0,18,24826,57,14283,25,16264,46,8411,97.0,21650.0,66.0,14102.0,163.0,5785.0,94,3096,165.0,10012.0,154.0,1095.0,,,,,,,,,19GxfaRs5KdurzPKLVX3Cq,,,,,,,,,,,,,,,,,,,,,,,,,,,,,,,,,,,,,,,,,,,,,,,,,,,,,,,,,,,,,,,,,,,,,,,,,,,,,,,,,,,,,,,,,,
2025-08-11,"TAKEDOWN (JEONGYEON, JIHYO, CHAEYOUNG)",TWICE,daily,60,1809843,40,548564,104,149790,42,89649,54,78844,106.0,96085.0,34,31420,21,32789,189.0,71889.0,20,27825,59,14103,35,14681,50,9499,133.0,20902.0,100.0,13085.0,189.0,6102.0,104,3379,,,177.0,1010.0,,,,,,,,,19GxfaRs5KdurzPKLVX3Cq,,,,,,,,,,,,,,,,,,,,,,,,,,,,,,,,,,,,,,,,,,,,,,,,,,,,,,,,,,,,,,,,,,,,,,,,,,,,,,,,,,,,,,,,,,
2025-08-12,"TAKEDOWN (JEONGYEON, JIHYO, CHAEYOUNG)",TWICE,daily,63,1804364,41,551943,119,142466,43,89112,50,79840,106.0,97078.0,34,31012,20,33133,193.0,70154.0,24,25200,65,14109,37,14738,47,9635,135.0,20740.0,98.0,13373.0,186.0,6076.0,103,3407,,,163.0,1071.0,,,,,,,,,19GxfaRs5KdurzPKLVX3Cq,,,,,,,,,,,,,,,,,,,,,,,,,,,,,,,,,,,,,,,,,,,,,,,,,,,,,,,,,,,,,,,,,,,,,,,,,,,,,,,,,,,,,,,,,,
2025-08-13,"TAKEDOWN (JEONGYEON, JIHYO, CHAEYOUNG)",TWICE,daily,55,1866724,38,564524,111,150297,39,92326,45,83420,97.0,99695.0,34,31125,21,30670,166.0,71373.0,22,26818,60,14085,34,15120,47,9476,126.0,21350.0,82.0,14298.0,169.0,6231.0,95,3499,,,169.0,1051.0,,,,,,,,,19GxfaRs5KdurzPKLVX3Cq,,,,,,,,,,,,,,,,,,,,,,,,,,,,,,,,,,,,,,,,,,,,,,,,,,,,,,,,,,,,,,,,,,,,,,,,,,,,,,,,,,,,,,,,,,
2025-08-14,"TAKEDOWN (JEONGYEON, JIHYO, CHAEYOUNG)",TWICE,daily,56,1890253,37,569528,104,150529,38,93373,44,85334,90.0,102150.0,33,31972,22,32866,163.0,71865.0,20,27556,66,13795,36,15194,44,9169,133.0,20888.0,80.0,14074.0,161.0,6213.0,78,3839,,,156.0,1093.0,,,,,,,,,19GxfaRs5KdurzPKLVX3Cq,,,,,,,,,,,,,,,,,,,,,,,,,,,,,,,,,,,,,,,,,,,,,,,,,,,,,,,,,,,,,,,,,,,,,,,,,,,,,,,,,,,,,,,,,,
2025-08-15,"TAKEDOWN (JEONGYEON, JIHYO, CHAEYOUNG)",TWICE,daily,55,1904968,35,589751,108,145144,35,96144,45,88130,91.0,108590.0,33,32941,19,33750,,,22,25220,57,14151,27,17406,43,9795,147.0,23471.0,101.0,15576.0,170.0,6492.0,80,3743,,,198.0,1168.0,,,,,,,,,19GxfaRs5KdurzPKLVX3Cq,,,,,,,,,,,,,,,,,,,,,,,,,,,,,,,,,,,,,,,,,,,,,,,,,,,,,,,,,,,,,,,,,,,,,,,,,,,,,,,,,,,,,,,,,,
2025-08-16,"TAKEDOWN (JEONGYEON, JIHYO, CHAEYOUNG)",TWICE,daily,45,1984824,29,621697,100,159597,23,114186,42,88142,83.0,105469.0,32,37203,18,34674,174.0,76662.0,16,27808,62,13674,22,17629,40,9809,105.0,26253.0,82.0,15971.0,189.0,5758.0,88,3582,150.0,12068.0,170.0,1282.0,,,,,,,188.0,1071.0,19GxfaRs5KdurzPKLVX3Cq,,,,,,,,,,,,,,,,,,,,,,,,,,,,,,,,,,,,,,,,,,,,,,,,,,,,,,,,,,,,,,,,,,,,,,,,,,,,,,,,,,,,,,,,,,
2025-08-17,"TAKEDOWN (JEONGYEON, JIHYO, CHAEYOUNG)",TWICE,daily,44,1846761,30,570287,114,153861,26,109033,41,82712,78.0,99942.0,33,32628,19,32658,138.0,69990.0,16,25618,67,13292,27,15868,42,8792,69.0,24985.0,60.0,15890.0,140.0,5890.0,82,3388,125.0,11225.0,131.0,1331.0,,,193.0,9059.0,188.0,7523.0,180.0,1030.0,19GxfaRs5KdurzPKLVX3Cq,,,,,,,,,,,,,,,,,,,,,,,,,,,,,,,,,,,,,,,,,,,,,,,,,,,,,,,,,,,,,,,,,,,,,,,,,,,,,,,,,,,,,,,,,,
2025-07-18,Golden,Unknown,daily,1,6522345,2,1711473,5,619543,3,268779,2,265994,9.0,258338.0,1,154018,2,112891,10.0,312357.0,2,106250,1,121471,2,51751,8,34361,13.0,77277.0,11.0,54015.0,12.0,24327.0,3,12700,41.0,31220.0,14.0,3644.0,17,9953,33.0,24214.0,10.0,25588.0,36.0,3191.0,1CPZ5BxNNd0n0nF4Orb9JS,79.0,307193.0,95.0,226746.0,140.0,208942.0,64.0,111805.0,15.0,112700.0,89.0,95900.0,43.0,77050.0,46.0,77517.0,43.0,81168.0,118.0,69529.0,157.0,56847.0,52.0,39389.0,143.0,52999.0,174.0,51055.0,48.0,37407.0,24.0,28075.0,16.0,27805.0,7.0,26453.0,49.0,25418.0,35.0,25409.0,69.0,12390.0,34.0,13666.0,160.0,14668.0,198.0,25476.0,19.0,10166.0,82.0,10548.0,142.0,13647.0,114.0,9461.0,77.0,7825.0,193.0,12527.0,55.0,6307.0,90.0,7062.0,53.0,6239.0,,,40.0,5123.0,33.0,5110.0,102.0,5679.0,24.0,5011.0,136.0,6053.0,23.0,3877.0,15.0,2326.0,,,,,,,,
2025-07-19,Golden,Unknown,daily,1,6375780,2,1640710,4,600337,3,267638,2,253114,9.0,269415.0,1,163682,3,108732,4.0,303095.0,2,108397,1,124406,1,51781,6,33469,12.0,73573.0,13.0,51576.0,11.0,22508.0,2,11566,42.0,30049.0,12.0,3351.0,16,11051,30.0,23991.0,9.0,24234.0,33.0,2989.0,1CPZ5BxNNd0n0nF4Orb9JS,89.0,301521.0,90.0,249413.0,177.0,191184.0,69.0,106821.0,13.0,107568.0,90.0,87937.0,39.0,79003.0,46.0,71674.0,46.0,75395.0,119.0,66420.0,134.0,61433.0,51.0,40696.0,151.0,52387.0,,,51.0,35073.0,27.0,25954.0,9.0,26316.0,5.0,24158.0,47.0,23026.0,39.0,23074.0,57.0,10279.0,36.0,13228.0,163.0,13888.0,190.0,26978.0,15.0,9996.0,92.0,9919.0,171.0,13044.0,105.0,10272.0,87.0,7052.0,193.0,11875.0,56.0,6222.0,90.0,6756.0,61.0,5813.0,,,43.0,5110.0,38.0,4642.0,100.0,5751.0,29.0,4439.0,141.0,5930.0,21.0,3574.0,16.0,1981.0,,,,,,,,
2025-07-20,Golden,Unknown,daily,1,6214525,1,1553888,5,646033,2,279494,2,241158,7.0,265905.0,1,161495,3,112356,3.0,272404.0,2,110931,1,136308,2,51469,9,25779,9.0,74820.0,10.0,51307.0,10.0,21931.0,5,10851,35.0,29305.0,12.0,3415.0,14,11805,21.0,21801.0,5.0,22280.0,26.0,3118.0,1CPZ5BxNNd0n0nF4Orb9JS,89.0,263289.0,90.0,265101.0,155.0,168552.0,53.0,99783.0,12.0,96885.0,73.0,85873.0,41.0,80857.0,35.0,69198.0,39.0,70069.0,109.0,62104.0,106.0,65138.0,49.0,37329.0,131.0,49115.0,,,42.0,33520.0,23.0,25165.0,9.0,25428.0,3.0,22969.0,35.0,23786.0,30.0,21634.0,64.0,13306.0,26.0,13001.0,144.0,13839.0,194.0,23792.0,13.0,10070.0,85.0,9556.0,155.0,12351.0,101.0,9864.0,90.0,6383.0,185.0,10843.0,61.0,5581.0,89.0,6194.0,56.0,5608.0,194.0,20780.0,41.0,4673.0,39.0,4569.0,103.0,5356.0,29.0,4371.0,149.0,5168.0,20.0,3347.0,12.0,1744.0,,,,,,,,
2025-07-21,Golden,Unknown,daily,1,6727004,10,1746353,5,600662,2,284622,2,262579,9.0,281721.0,1,153611,2,121554,3.0,304255.0,2,118604,1,136826,2,51182,3,43467,8.0,81290.0,8.0,58358.0,10.0,24192.0,3,12914,29.0,31981.0,10.0,3909.0,14,11781,24.0,24412.0,4.0,25894.0,31.0,3310.0,1CPZ5BxNNd0n0nF4Orb9JS,70.0,308002.0,77.0,255211.0,89.0,222176.0,49.0,117573.0,11.0,109032.0,75.0,100930.0,38.0,85522.0,33.0,78008.0,36.0,83773.0,95.0,69796.0,91.0,74515.0,46.0,42269.0,111.0,54822.0,141.0,52946.0,23.0,37188.0,19.0,26179.0,13.0,27685.0,3.0,25907.0,37.0,26048.0,33.0,25425.0,53.0,14855.0,30.0,13381.0,142.0,14621.0,172.0,25894.0,17.0,9936.0,72.0,10749.0,104.0,14388.0,106.0,10317.0,66.0,8112.0,161.0,12560.0,51.0,6868.0,88.0,6793.0,41.0,6143.0,183.0,22864.0,54.0,4758.0,35.0,5044.0,80.0,5996.0,30.0,4712.0,113.0,6186.0,27.0,3567.0,7.0,2228.0,149.0,3741.0,168.0,4270.0,168.0,4573.0,188.0,2623.0
2025-07-22,Golden,Unknown,daily,1,6720846,3,1736183,5,587191,2,274568,2,262612,7.0,284595.0,1,151833,2,123188,3.0,307812.0,2,122808,1,134632,2,49972,3,42664,7.0,80947.0,8.0,58694.0,10.0,24044.0,3,13307,26.0,31648.0,8.0,3976.0,13,12065,18.0,25369.0,5.0,25320.0,24.0,3305.0,1CPZ5BxNNd0n0nF4Orb9JS,71.0,324734.0,77.0,253847.0,91.0,230163.0,51.0,118118.0,12.0,108179.0,80.0,97848.0,34.0,84812.0,30.0,76795.0,36.0,83145.0,99.0,69508.0,79.0,75878.0,48.0,42945.0,119.0,55742.0,129.0,52881.0,27.0,32080.0,15.0,28687.0,12.0,27937.0,3.0,26509.0,34.0,25993.0,31.0,25589.0,46.0,15952.0,25.0,13029.0,139.0,14488.0,181.0,25910.0,16.0,9805.0,67.0,10529.0,118.0,14430.0,103.0,10416.0,67.0,7858.0,155.0,13188.0,49.0,7042.0,89.0,6565.0,40.0,6360.0,173.0,22874.0,42.0,4918.0,33.0,5150.0,86.0,5796.0,23.0,4859.0,119.0,6174.0,21.0,3511.0,4.0,2303.0,157.0,3415.0,187.0,4170.0,181.0,4585.0,,
2025-07-23,Golden,Unknown,daily,1,6851595,1,1727408,5,628547,2,277335,2,267469,7.0,296669.0,1,150890,2,125017,3.0,316816.0,2,121446,2,131932,2,50145,2,43498,10.0,83483.0,8.0,59398.0,10.0,23937.0,3,13325,26.0,33375.0,11.0,4010.0,12,11996,18.0,25889.0,5.0,25811.0,24.0,3417.0,1CPZ5BxNNd0n0nF4Orb9JS,66.0,331280.0,75.0,263063.0,88.0,237234.0,48.0,119849.0,12.0,109442.0,75.0,98024.0,35.0,85421.0,29.0,78037.0,37.0,82861.0,94.0,69935.0,73.0,79107.0,49.0,41248.0,116.0,56279.0,121.0,53697.0,28.0,32558.0,18.0,28836.0,17.0,28052.0,3.0,26986.0,45.0,26401.0,29.0,25706.0,40.0,16225.0,26.0,12898.0,139.0,14836.0,172.0,25952.0,18.0,10301.0,69.0,11070.0,105.0,15065.0,106.0,10235.0,75.0,7545.0,157.0,13260.0,45.0,7777.0,90.0,6702.0,37.0,6600.0,174.0,24007.0,36.0,4980.0,35.0,4921.0,83.0,5930.0,30.0,4822.0,105.0,6381.0,21.0,3659.0,7.0,2193.0,156.0,3520.0,172.0,4212.0,166.0,4719.0,,
2025-07-24,Golden,Unknown,daily,1,6853393,1,1725700,5,627491,2,281278,2,265454,5.0,304228.0,1,154076,2,128277,3.0,323633.0,2,121873,2,131173,2,50076,2,44187,6.0,84476.0,7.0,59805.0,10.0,23774.0,3,13421,26.0,33446.0,8.0,4341.0,14,12041,20.0,26542.0,3.0,26011.0,28.0,3549.0,1CPZ5BxNNd0n0nF4Orb9JS,68.0,326882.0,82.0,269576.0,94.0,232422.0,50.0,121023.0,11.0,111282.0,74.0,100251.0,36.0,82305.0,30.0,78984.0,36.0,80109.0,96.0,69875.0,71.0,80484.0,46.0,41955.0,131.0,55425.0,126.0,53943.0,28.0,32917.0,16.0,29589.0,14.0,28027.0,3.0,27297.0,37.0,26465.0,30.0,25516.0,45.0,17731.0,30.0,13092.0,127.0,14987.0,181.0,25820.0,16.0,10198.0,79.0,11044.0,133.0,14197.0,114.0,10251.0,73.0,7387.0,165.0,13418.0,45.0,7736.0,96.0,6409.0,42.0,6476.0,182.0,23926.0,35.0,5314.0,32.0,5233.0,82.0,5801.0,30.0,4606.0,110.0,6321.0,20.0,3575.0,4.0,2264.0,183.0,3512.0,190.0,4243.0,158.0,4002.0,,
2025-07-25,Golden,Unknown,daily,1,6990213,1,1743742,4,653092,2,274234,3,267526,7.0,317093.0,1,162829,2,127969,7.0,341622.0,2,120329,2,126414,1,53322,2,43933,7.0,87814.0,4.0,62829.0,12.0,24211.0,4,13177,27.0,35302.0,8.0,4337.0,15,10553,21.0,27155.0,6.0,27336.0,32.0,3298.0,1CPZ5BxNNd0n0nF4Orb9JS,92.0,327744.0,65.0,288745.0,107.0,236613.0,48.0,129578.0,13.0,114449.0,77.0,100991.0,31.0,84368.0,35.0,81965.0,40.0,82337.0,109.0,73050.0,70.0,80188.0,49.0,41859.0,137.0,55635.0,140.0,54791.0,41.0,36796.0,19.0,30520.0,11.0,28900.0,4.0,28249.0,44.0,27148.0,33.0,26279.0,40.0,16779.0,28.0,13846.0,141.0,15136.0,,,17.0,10345.0,82.0,10924.0,159.0,13888.0,112.0,9763.0,76.0,7706.0,,,49.0,7809.0,112.0,6331.0,47.0,6504.0,180.0,23543.0,42.0,5440.0,43.0,4866.0,90.0,6037.0,31.0,4719.0,122.0,6306.0,23.0,3779.0,4.0,2428.0,,,,,197.0,4748.0,,
2025-07-26,Golden,Unknown,daily,1,6806428,1,1658123,4,691277,1,297190,3,257343,6.0,295357.0,1,166836,3,123532,4.0,331151.0,2,120086,2,121536,1,53590,2,41353,5.0,86860.0,4.0,60256.0,10.0,23103.0,4,12129,27.0,34761.0,9.0,3769.0,16,10730,21.0,26894.0,4.0,25974.0,27.0,3213.0,1CPZ5BxNNd0n0nF4Orb9JS,87.0,309717.0,70.0,300221.0,139.0,213990.0,59.0,118273.0,13.0,112553.0,69.0,90079.0,33.0,82322.0,38.0,77990.0,39.0,73044.0,109.0,70525.0,72.0,78297.0,49.0,40754.0,136.0,53784.0,153.0,50490.0,42.0,41459.0,22.0,28717.0,7.0,28586.0,4.0,25745.0,38.0,25342.0,32.0,24344.0,38.0,13169.0,31.0,12836.0,137.0,14601.0,,,10.0,10575.0,83.0,9885.0,183.0,12466.0,121.0,9773.0,87.0,6478.0,197.0,11680.0,46.0,7198.0,103.0,6368.0,52.0,6008.0,184.0,21777.0,45.0,4964.0,47.0,4524.0,115.0,5390.0,30.0,4301.0,128.0,5823.0,27.0,3496.0,7.0,2199.0,192.0,3440.0,,,,,,
2025-07-27,Golden,Unknown,daily,1,6446303,1,1550117,3,726916,1,302387,2,244425,4.0,276358.0,1,157880,3,117464,2.0,291363.0,2,115215,2,114661,1,51660,2,38725,3.0,84824.0,4.0,58876.0,9.0,22174.0,2,11146,20.0,33035.0,5.0,4064.0,15,11651,14.0,25242.0,2.0,23229.0,25.0,3232.0,1CPZ5BxNNd0n0nF4Orb9JS,90.0,263343.0,79.0,295822.0,135.0,182691.0,49.0,103159.0,9.0,99342.0,71.0,84942.0,39.0,76061.0,24.0,72188.0,39.0,65785.0,104.0,65598.0,68.0,82545.0,49.0,34324.0,132.0,47970.0,132.0,44855.0,33.0,35319.0,15.0,27051.0,5.0,27810.0,3.0,23698.0,30.0,25174.0,26.0,22499.0,37.0,16645.0,25.0,12371.0,129.0,14076.0,,,9.0,9979.0,90.0,8835.0,164.0,11493.0,109.0,9602.0,89.0,6122.0,185.0,10617.0,46.0,6460.0,118.0,5488.0,51.0,5524.0,194.0,20180.0,31.0,4926.0,39.0,4414.0,112.0,4964.0,29.0,4257.0,129.0,5094.0,18.0,3459.0,5.0,1850.0,180.0,3060.0,,,,,,
2025-07-28,Golden,Unknown,daily,1,6964834,1,1728580,3,724813,2,287411,1,266386,5.0,316437.0,1,150814,2,123188,3.0,330748.0,2,125277,2,118760,1,49901,2,44065,3.0,93299.0,4.0,68897.0,11.0,25570.0,2,13900,24.0,37379.0,3.0,4515.0,13,11584,12.0,28507.0,2.0,27967.0,24.0,3593.0,1CPZ5BxNNd0n0nF4Orb9JS,76.0,303767.0,76.0,269864.0,82.0,225339.0,49.0,125113.0,9.0,112941.0,63.0,103103.0,38.0,80087.0,24.0,84788.0,36.0,78956.0,84.0,73031.0,64.0,87613.0,51.0,34447.0,124.0,51829.0,111.0,55699.0,27.0,32459.0,12.0,31393.0,7.0,29756.0,3.0,27926.0,28.0,28285.0,24.0,26389.0,39.0,16350.0,27.0,13467.0,122.0,15405.0,,,14.0,10611.0,80.0,10185.0,135.0,13220.0,114.0,9684.0,74.0,7566.0,178.0,12391.0,35.0,7777.0,109.0,6025.0,43.0,6034.0,196.0,21732.0,24.0,5332.0,39.0,4877.0,82.0,5765.0,28.0,4487.0,130.0,5727.0,16.0,3743.0,4.0,2362.0,169.0,3555.0,195.0,4130.0,144.0,4283.0,,
2025-07-29,Golden,Unknown,daily,1,7292424,1,1818260,3,777040,2,298596,1,282254,3.0,325852.0,1,154325,2,127383,3.0,335033.0,2,130521,2,119517,1,52532,2,44192,3.0,97683.0,3.0,69453.0,11.0,25725.0,2,14937,20.0,38648.0,3.0,4903.0,13,12077,12.0,29548.0,2.0,27939.0,21.0,3627.0,1CPZ5BxNNd0n0nF4Orb9JS,69.0,328033.0,72.0,287079.0,78.0,239615.0,45.0,129501.0,10.0,117561.0,60.0,110025.0,29.0,87022.0,19.0,86403.0,36.0,80975.0,81.0,77322.0,61.0,88465.0,45.0,34462.0,121.0,55251.0,105.0,57854.0,25.0,33291.0,10.0,32627.0,7.0,29403.0,3.0,28297.0,23.0,29154.0,23.0,27449.0,34.0,16727.0,27.0,13520.0,114.0,16497.0,181.0,26985.0,14.0,10549.0,68.0,10829.0,122.0,14233.0,109.0,10205.0,70.0,7602.0,163.0,12860.0,32.0,8418.0,89.0,6542.0,39.0,6379.0,177.0,22958.0,22.0,5553.0,34.0,5193.0,78.0,6110.0,27.0,4826.0,117.0,6015.0,17.0,3959.0,4.0,2235.0,155.0,3661.0,154.0,4412.0,174.0,4128.0,184.0,2679.0
2025-07-30,Golden,Unknown,daily,1,7324919,1,1822643,3,785625,2,300594,1,285861,3.0,333029.0,1,152432,2,127720,3.0,342299.0,2,128911,2,114525,1,53091,2,44878,2.0,104611.0,3.0,71895.0,11.0,26061.0,2,14758,17.0,38797.0,5.0,5002.0,14,11928,12.0,30291.0,2.0,28245.0,19.0,3841.0,1CPZ5BxNNd0n0nF4Orb9JS,74.0,327633.0,76.0,282209.0,80.0,242894.0,45.0,129973.0,10.0,117338.0,64.0,109593.0,32.0,86819.0,18.0,87419.0,37.0,77607.0,80.0,75775.0,63.0,84774.0,46.0,41229.0,124.0,55567.0,122.0,58158.0,25.0,33633.0,11.0,33006.0,7.0,29655.0,3.0,28355.0,29.0,29627.0,25.0,27499.0,34.0,16993.0,27.0,14020.0,117.0,15947.0,189.0,26763.0,14.0,10700.0,77.0,11134.0,133.0,14201.0,109.0,10208.0,70.0,7682.0,,,38.0,8568.0,93.0,6524.0,38.0,6631.0,199.0,21861.0,20.0,5668.0,36.0,5064.0,93.0,5893.0,26.0,4875.0,128.0,5917.0,16.0,3930.0,4.0,2356.0,182.0,3667.0,183.0,4360.0,179.0,4372.0,,
2025-07-31,Golden,Unknown,daily,1,7355586,1,1829129,3,792772,1,300629,1,283465,3.0,335145.0,1,153779,2,125214,3.0,354302.0,2,127880,2,108571,1,54449,2,43932,2.0,105312.0,3.0,74790.0,11.0,26120.0,2,14741,17.0,40482.0,6.0,5131.0,12,11757,12.0,31150.0,2.0,29375.0,20.0,3681.0,1CPZ5BxNNd0n0nF4Orb9JS,73.0,324817.0,73.0,282659.0,80.0,239854.0,46.0,130485.0,9.0,115816.0,62.0,109599.0,29.0,87692.0,18.0,89785.0,34.0,77917.0,79.0,78815.0,59.0,88542.0,47.0,40897.0,142.0,55048.0,115.0,58924.0,27.0,34652.0,9.0,33510.0,7.0,30271.0,3.0,28624.0,29.0,29712.0,21.0,27499.0,37.0,17737.0,26.0,13789.0,104.0,16301.0,187.0,25677.0,14.0,10845.0,73.0,11404.0,152.0,13633.0,129.0,9595.0,72.0,7596.0,188.0,12519.0,40.0,8412.0,90.0,6496.0,40.0,6729.0,,,22.0,5711.0,38.0,4817.0,97.0,5694.0,27.0,4578.0,130.0,6064.0,18.0,3790.0,4.0,2224.0,,,180.0,4380.0,,,,
2025-08-01,Golden,Unknown,daily,2,7414875,2,1843000,3,766775,1,294927,2,290757,4.0,350685.0,1,155627,2,125745,2.0,364053.0,2,123416,2,104820,1,58302,2,43657,2.0,110883.0,3.0,78296.0,11.0,26805.0,2,14543,18.0,43021.0,6.0,5147.0,12,10404,14.0,32058.0,2.0,27604.0,22.0,3904.0,1CPZ5BxNNd0n0nF4Orb9JS,78.0,327685.0,71.0,276145.0,104.0,245439.0,40.0,158342.0,10.0,117450.0,78.0,110340.0,24.0,92908.0,24.0,93223.0,38.0,79489.0,85.0,79272.0,66.0,84150.0,47.0,41794.0,147.0,54895.0,131.0,57011.0,35.0,37822.0,10.0,36504.0,11.0,30970.0,3.0,29318.0,33.0,31067.0,30.0,27933.0,32.0,17057.0,32.0,13891.0,142.0,15951.0,,,12.0,11032.0,83.0,11131.0,145.0,14035.0,127.0,9136.0,88.0,7753.0,191.0,12642.0,47.0,8185.0,108.0,6649.0,47.0,6622.0,,,28.0,6166.0,38.0,4944.0,110.0,5701.0,29.0,4807.0,139.0,5960.0,20.0,4019.0,5.0,2587.0,178.0,3688.0,,,,,,
2025-08-02,Golden,Unknown,daily,1,7473935,2,1810344,3,853189,1,327907,1,279323,3.0,344581.0,1,171707,3,119279,2.0,346798.0,2,123866,2,102273,1,58894,2,39018,2.0,109419.0,3.0,74604.0,9.0,25168.0,2,14067,17.0,41705.0,5.0,4360.0,12,11255,14.0,32476.0,3.0,28747.0,23.0,3502.0,1CPZ5BxNNd0n0nF4Orb9JS,79.0,326460.0,71.0,307312.0,123.0,237062.0,45.0,149369.0,9.0,116195.0,70.0,102491.0,23.0,98277.0,22.0,89449.0,37.0,77249.0,82.0,77334.0,60.0,88404.0,45.0,40439.0,133.0,55512.0,144.0,58582.0,38.0,42645.0,10.0,35203.0,6.0,29956.0,3.0,27961.0,27.0,28730.0,26.0,27279.0,24.0,13440.0,28.0,13274.0,138.0,15866.0,,,9.0,10688.0,74.0,11220.0,152.0,13771.0,122.0,9723.0,83.0,7188.0,195.0,12032.0,51.0,7430.0,112.0,6227.0,44.0,6560.0,,,31.0,5527.0,39.0,4792.0,125.0,5314.0,28.0,4503.0,154.0,5741.0,17.0,3763.0,5.0,2388.0,167.0,4037.0,198.0,4452.0,,,,
2025-08-03,Golden,Unknown,daily,1,7162637,2,1715347,3,865136,1,334844,1,262807,3.0,324374.0,1,163683,3,119109,2.0,310172.0,2,121952,2,99600,1,56026,2,39715,2.0,103866.0,3.0,72401.0,6.0,25009.0,2,12789,11.0,39418.0,5.0,4438.0,11,12260,13.0,31220.0,3.0,27532.0,22.0,3499.0,1CPZ5BxNNd0n0nF4Orb9JS,85.0,288437.0,68.0,329347.0,112.0,208365.0,40.0,133782.0,6.0,103046.0,63.0,97844.0,27.0,94354.0,16.0,83714.0,36.0,71534.0,78.0,71485.0,55.0,96168.0,42.0,36227.0,124.0,52013.0,128.0,53185.0,34.0,37280.0,8.0,32728.0,3.0,29521.0,3.0,26435.0,19.0,28628.0,20.0,25235.0,25.0,16439.0,30.0,12904.0,117.0,15368.0,,,8.0,10406.0,66.0,10063.0,138.0,12737.0,115.0,9316.0,76.0,6793.0,178.0,11237.0,48.0,6772.0,107.0,5855.0,36.0,5988.0,,,21.0,5564.0,40.0,4636.0,114.0,5068.0,24.0,4580.0,159.0,4912.0,15.0,3633.0,5.0,2214.0,161.0,3816.0,195.0,3940.0,,,,
2025-08-04,Golden,Unknown,daily,1,7617628,2,1890434,3,784770,1,317063,1,274465,3.0,362534.0,1,149359,2,125892,2.0,352310.0,2,128590,2,106081,1,54555,2,43036,2.0,113515.0,3.0,82609.0,8.0,28139.0,2,14993,14.0,43890.0,5.0,4956.0,12,11966,10.0,32325.0,2.0,33560.0,22.0,3673.0,1CPZ5BxNNd0n0nF4Orb9JS,63.0,336977.0,70.0,308862.0,70.0,252450.0,37.0,151372.0,5.0,121068.0,58.0,115334.0,28.0,96079.0,15.0,96673.0,35.0,86161.0,65.0,81085.0,53.0,100145.0,39.0,44251.0,107.0,56277.0,88.0,61743.0,23.0,33534.0,6.0,37719.0,5.0,32444.0,2.0,30484.0,19.0,32691.0,17.0,29591.0,32.0,21313.0,27.0,14372.0,113.0,16744.0,,,8.0,11897.0,63.0,11447.0,101.0,14366.0,118.0,9357.0,74.0,7914.0,161.0,12886.0,38.0,8275.0,85.0,6862.0,33.0,6497.0,189.0,22063.0,16.0,5877.0,39.0,5135.0,84.0,5880.0,24.0,5013.0,134.0,5549.0,16.0,4057.0,4.0,2618.0,135.0,3960.0,164.0,4349.0,120.0,4567.0,199.0,2516.0
2025-08-05,Golden,Unknown,daily,1,7713596,1,2007768,3,762318,1,319026,1,291123,3.0,363756.0,1,150361,2,125098,2.0,347066.0,2,129290,2,104068,1,54508,4,34483,2.0,111705.0,2.0,79625.0,7.0,28338.0,2,15341,13.0,43754.0,3.0,5151.0,10,12305,11.0,34448.0,2.0,32996.0,17.0,3905.0,1CPZ5BxNNd0n0nF4Orb9JS,60.0,347723.0,65.0,308654.0,73.0,252662.0,38.0,149626.0,6.0,116419.0,58.0,112787.0,23.0,96997.0,15.0,96317.0,33.0,86747.0,70.0,79201.0,53.0,98178.0,39.0,44288.0,121.0,56278.0,90.0,61032.0,23.0,34048.0,6.0,38042.0,4.0,32134.0,2.0,29819.0,16.0,33193.0,18.0,29580.0,35.0,21001.0,24.0,14144.0,118.0,16196.0,,,9.0,11573.0,59.0,11337.0,104.0,14643.0,128.0,8936.0,69.0,7990.0,154.0,13125.0,44.0,7829.0,96.0,6544.0,33.0,6703.0,,,18.0,5680.0,37.0,5206.0,83.0,5824.0,26.0,4866.0,122.0,5417.0,13.0,4114.0,4.0,2598.0,149.0,3736.0,168.0,4173.0,120.0,4766.0,189.0,2665.0
2025-08-06,Golden,Unknown,daily,1,7649662,1,1921980,3,760165,1,325769,1,293485,3.0,362290.0,1,150280,2,126339,2.0,348830.0,2,129077,2,99869,1,55791,2,45399,2.0,115654.0,2.0,84113.0,7.0,27348.0,2,15685,12.0,44781.0,5.0,5071.0,10,11796,11.0,34449.0,2.0,33654.0,16.0,3979.0,1CPZ5BxNNd0n0nF4Orb9JS,60.0,348308.0,65.0,315136.0,75.0,251720.0,37.0,149309.0,6.0,115692.0,58.0,113326.0,28.0,93544.0,15.0,97130.0,33.0,90984.0,75.0,79201.0,54.0,98940.0,40.0,41653.0,134.0,55490.0,90.0,62428.0,23.0,33808.0,7.0,37930.0,6.0,31382.0,2.0,29911.0,20.0,31962.0,19.0,29472.0,37.0,20592.0,25.0,13507.0,119.0,15696.0,,,10.0,11255.0,63.0,11514.0,104.0,14962.0,120.0,9172.0,68.0,7931.0,155.0,13226.0,44.0,7203.0,102.0,6345.0,33.0,6871.0,,,21.0,5607.0,38.0,5046.0,81.0,5999.0,27.0,4657.0,128.0,5230.0,17.0,4187.0,4.0,2511.0,151.0,3718.0,169.0,4353.0,164.0,4536.0,187.0,2742.0
2025-08-07,Golden,Unknown,daily,1,7669638,1,1922394,3,775337,1,321878,1,295524,3.0,368019.0,1,156775,2,126042,2.0,352134.0,2,127172,2,100155,1,57396,2,45127,1.0,117427.0,3.0,86189.0,8.0,27213.0,2,15492,15.0,45172.0,5.0,5441.0,8,12099,12.0,34937.0,2.0,34734.0,16.0,3910.0,1CPZ5BxNNd0n0nF4Orb9JS,67.0,345787.0,62.0,300395.0,76.0,254895.0,39.0,147195.0,7.0,115788.0,57.0,115125.0,27.0,94254.0,15.0,96145.0,34.0,90781.0,69.0,82098.0,53.0,99353.0,43.0,43038.0,119.0,52801.0,94.0,62015.0,28.0,34673.0,8.0,38489.0,6.0,31476.0,2.0,30407.0,24.0,30027.0,19.0,29807.0,44.0,21841.0,31.0,13618.0,130.0,16030.0,,,10.0,11520.0,74.0,11420.0,126.0,14522.0,121.0,9285.0,73.0,7844.0,177.0,12975.0,49.0,6987.0,105.0,6655.0,37.0,6797.0,198.0,22306.0,27.0,5610.0,41.0,5031.0,86.0,5920.0,30.0,4777.0,121.0,5894.0,18.0,4213.0,4.0,2647.0,164.0,3708.0,189.0,4217.0,161.0,4607.0,,
2025-08-08,Golden,Unknown,daily,1,7837140,1,1964124,3,771119,1,320136,1,305847,3.0,394036.0,1,159643,2,124406,4.0,366466.0,2,127257,2,97841,1,62216,2,44530,1.0,129098.0,2.0,95431.0,11.0,27864.0,2,16240,17.0,50048.0,5.0,5662.0,10,10787,11.0,36471.0,4.0,36431.0,28.0,3935.0,1CPZ5BxNNd0n0nF4Orb9JS,71.0,342196.0,65.0,292848.0,87.0,256865.0,43.0,149271.0,9.0,119839.0,58.0,116971.0,27.0,96878.0,17.0,106065.0,52.0,93334.0,68.0,84860.0,53.0,103939.0,41.0,43748.0,133.0,55180.0,104.0,63804.0,49.0,38221.0,7.0,40477.0,6.0,33120.0,3.0,31756.0,27.0,32657.0,18.0,30237.0,36.0,20533.0,30.0,14235.0,128.0,16231.0,,,10.0,11914.0,72.0,11790.0,149.0,14378.0,123.0,9131.0,72.0,7961.0,183.0,13053.0,44.0,8026.0,122.0,6475.0,38.0,7094.0,,,24.0,6147.0,52.0,4938.0,98.0,5875.0,31.0,4716.0,116.0,6204.0,14.0,4429.0,4.0,2866.0,189.0,3762.0,,,159.0,4630.0,,
2025-08-09,Golden,Unknown,daily,1,7794877,1,1913939,3,862772,1,355320,1,300756,2.0,374514.0,1,168256,3,123832,2.0,354609.0,2,108963,2,95119,1,61658,2,42185,1.0,126936.0,2.0,88371.0,12.0,25405.0,2,15164,15.0,47394.0,6.0,5187.0,8,11557,11.0,36518.0,3.0,34517.0,22.0,3702.0,1CPZ5BxNNd0n0nF4Orb9JS,77.0,331424.0,63.0,309742.0,106.0,245257.0,48.0,140884.0,11.0,120188.0,58.0,108170.0,22.0,99762.0,14.0,104659.0,47.0,82215.0,76.0,81528.0,51.0,103289.0,43.0,42333.0,136.0,53713.0,109.0,63014.0,44.0,42316.0,10.0,38651.0,2.0,31746.0,3.0,29944.0,17.0,34287.0,20.0,28719.0,32.0,16036.0,29.0,13628.0,124.0,15740.0,,,5.0,11453.0,72.0,11919.0,145.0,14302.0,113.0,10095.0,78.0,7153.0,182.0,12592.0,49.0,7295.0,118.0,6064.0,37.0,7008.0,,,26.0,5877.0,48.0,4739.0,117.0,5551.0,27.0,4503.0,120.0,5913.0,11.0,4184.0,6.0,2446.0,160.0,3979.0,,,,,,
2025-08-10,Golden,Unknown,daily,1,7290189,1,1765448,3,856177,1,352223,1,282807,1.0,354394.0,1,153208,2,117534,1.0,313867.0,2,112417,2,95397,1,59167,3,39244,1.0,117143.0,1.0,88541.0,8.0,24555.0,2,14153,10.0,44753.0,3.0,5066.0,9,11861,10.0,33013.0,2.0,31854.0,18.0,3667.0,1CPZ5BxNNd0n0nF4Orb9JS,79.0,283719.0,76.0,305311.0,119.0,206246.0,45.0,124325.0,7.0,103871.0,57.0,100852.0,23.0,92329.0,13.0,96079.0,38.0,76798.0,75.0,73342.0,51.0,97438.0,42.0,37809.0,125.0,48499.0,115.0,55881.0,36.0,36505.0,9.0,36072.0,2.0,31055.0,3.0,27042.0,12.0,31540.0,16.0,26490.0,36.0,21576.0,29.0,12488.0,117.0,14903.0,,,5.0,10985.0,70.0,10001.0,135.0,12335.0,116.0,9341.0,76.0,6458.0,164.0,11184.0,48.0,6638.0,127.0,5575.0,38.0,6440.0,,,17.0,5483.0,53.0,4338.0,116.0,5106.0,27.0,4516.0,132.0,5076.0,12.0,3792.0,5.0,2264.0,167.0,3624.0,189.0,3879.0,192.0,3745.0,,
2025-08-11,Golden,Unknown,daily,1,7480351,1,1871526,3,750470,1,323934,1,296568,1.0,381892.0,1,141711,2,115353,2.0,348957.0,2,126059,2,94675,1,56323,3,43406,1.0,120683.0,1.0,94480.0,10.0,26538.0,2,16108,16.0,43331.0,2.0,5095.0,14,11523,11.0,35380.0,2.0,33675.0,17.0,4001.0,1CPZ5BxNNd0n0nF4Orb9JS,67.0,318790.0,83.0,268537.0,70.0,247633.0,42.0,137548.0,9.0,116250.0,55.0,114820.0,28.0,90257.0,12.0,105398.0,42.0,87535.0,65.0,76532.0,53.0,102698.0,45.0,40352.0,127.0,51935.0,107.0,59552.0,29.0,32028.0,6.0,39119.0,5.0,32496.0,3.0,30919.0,19.0,31605.0,17.0,28629.0,34.0,20973.0,27.0,13334.0,118.0,15602.0,,,8.0,11747.0,70.0,10717.0,129.0,12845.0,131.0,8852.0,71.0,7441.0,168.0,12211.0,46.0,7975.0,135.0,5900.0,37.0,6440.0,,,22.0,5733.0,55.0,4661.0,105.0,5375.0,28.0,4704.0,119.0,5935.0,15.0,4130.0,4.0,2650.0,147.0,3778.0,192.0,4061.0,171.0,4248.0,,
2025-08-12,Golden,Unknown,daily,1,7605972,1,1919677,4,747563,1,323269,1,305852,1.0,390131.0,1,144020,2,118726,1.0,350506.0,2,120034,2,98608,1,57970,2,43968,1.0,120449.0,1.0,97125.0,10.0,26213.0,1,16470,14.0,44374.0,2.0,5351.0,13,11588,11.0,38201.0,2.0,34857.0,15.0,3861.0,1CPZ5BxNNd0n0nF4Orb9JS,69.0,332139.0,82.0,266900.0,71.0,261489.0,41.0,137752.0,11.0,115332.0,54.0,115380.0,29.0,93683.0,12.0,105778.0,39.0,86109.0,66.0,77064.0,52.0,105933.0,45.0,40602.0,143.0,53359.0,98.0,61998.0,30.0,32691.0,6.0,39598.0,5.0,31801.0,2.0,31768.0,17.0,33193.0,17.0,28929.0,32.0,21331.0,29.0,13139.0,118.0,15243.0,,,9.0,11588.0,67.0,11280.0,113.0,14096.0,136.0,9002.0,73.0,7487.0,171.0,12621.0,49.0,8101.0,134.0,5987.0,37.0,6602.0,,,26.0,5677.0,65.0,4501.0,84.0,5597.0,26.0,4697.0,113.0,6341.0,13.0,4190.0,4.0,2556.0,140.0,3916.0,198.0,4065.0,192.0,4221.0,,
2025-08-13,Golden,Unknown,daily,1,7618800,1,1923042,4,741846,1,330732,1,309447,1.0,390842.0,1,139521,2,106549,1.0,346379.0,2,120559,2,93318,1,59054,2,42538,1.0,118666.0,1.0,98215.0,10.0,26096.0,1,16340,17.0,44763.0,2.0,5255.0,8,12024,10.0,38341.0,2.0,36256.0,16.0,3949.0,1CPZ5BxNNd0n0nF4Orb9JS,65.0,337257.0,84.0,265650.0,75.0,260367.0,39.0,137906.0,12.0,113656.0,54.0,114832.0,29.0,89530.0,11.0,106857.0,39.0,88094.0,65.0,77003.0,51.0,107103.0,43.0,42218.0,125.0,55131.0,100.0,61343.0,29.0,32764.0,6.0,39786.0,5.0,32091.0,2.0,31034.0,16.0,34106.0,17.0,29266.0,31.0,22146.0,27.0,13302.0,112.0,15423.0,,,9.0,11605.0,66.0,11580.0,107.0,14498.0,147.0,9162.0,71.0,7654.0,172.0,12774.0,48.0,8206.0,134.0,5879.0,37.0,6727.0,,,21.0,5939.0,73.0,4327.0,77.0,5631.0,28.0,4644.0,119.0,6278.0,11.0,4183.0,4.0,2460.0,130.0,3733.0,181.0,4200.0,181.0,4425.0,,
2025-08-14,Golden,Unknown,daily,1,7747752,1,1969939,3,743596,1,335435,1,322257,1.0,402860.0,1,140308,2,114210,1.0,351520.0,2,121623,2,92870,1,60326,3,40011,1.0,119734.0,1.0,96698.0,9.0,26134.0,1,17376,13.0,46591.0,2.0,5525.0,7,12150,9.0,39599.0,2.0,37132.0,16.0,4068.0,1CPZ5BxNNd0n0nF4Orb9JS,66.0,339914.0,88.0,265795.0,68.0,260485.0,40.0,143691.0,20.0,119609.0,54.0,119378.0,30.0,90340.0,10.0,109837.0,37.0,93605.0,62.0,79824.0,52.0,107807.0,43.0,42586.0,129.0,55387.0,99.0,61939.0,31.0,34119.0,8.0,40576.0,4.0,32041.0,2.0,32759.0,16.0,35362.0,15.0,30584.0,31.0,24305.0,27.0,14336.0,115.0,15782.0,,,9.0,11567.0,66.0,11645.0,106.0,14595.0,129.0,9186.0,75.0,7732.0,172.0,12614.0,43.0,8514.0,129.0,6091.0,35.0,6835.0,,,20.0,6404.0,60.0,4553.0,89.0,5411.0,31.0,4592.0,113.0,6309.0,14.0,4306.0,4.0,2611.0,146.0,3675.0,167.0,4345.0,199.0,4454.0,,
2025-08-15,Golden,Unknown,daily,1,7911466,1,2060197,3,746617,1,338425,1,335800,1.0,428145.0,1,147563,2,115020,4.0,369989.0,2,116122,2,94902,1,65836,2,42855,1.0,133752.0,2.0,105052.0,10.0,27241.0,2,17797,17.0,51250.0,3.0,5838.0,8,11139,11.0,42356.0,2.0,39282.0,20.0,4214.0,1CPZ5BxNNd0n0nF4Orb9JS,68.0,342472.0,82.0,267188.0,93.0,258891.0,45.0,135286.0,17.0,106713.0,54.0,108242.0,27.0,91329.0,12.0,123253.0,36.0,85248.0,68.0,71070.0,51.0,107114.0,39.0,43639.0,157.0,53717.0,108.0,61419.0,39.0,37869.0,9.0,39526.0,5.0,33798.0,1.0,29609.0,16.0,40038.0,15.0,27633.0,31.0,22713.0,34.0,13436.0,118.0,14228.0,,,10.0,11806.0,62.0,12126.0,112.0,14762.0,124.0,8849.0,75.0,7602.0,193.0,12287.0,44.0,8264.0,129.0,6157.0,38.0,6986.0,,,26.0,5970.0,68.0,4477.0,82.0,5908.0,29.0,4691.0,116.0,6388.0,14.0,4307.0,4.0,2573.0,158.0,3905.0,193.0,4222.0,,,,
2025-08-16,Golden,Unknown,daily,1,8003032,1,2083382,3,821642,1,373888,1,323869,1.0,410493.0,1,159000,3,115915,1.0,369678.0,2,118312,2,90961,1,62828,2,41337,1.0,138057.0,1.0,102638.0,10.0,24769.0,1,16700,12.0,54810.0,2.0,5741.0,12,11217,25.0,41363.0,2.0,39932.0,16.0,4062.0,1CPZ5BxNNd0n0nF4Orb9JS,75.0,330500.0,75.0,284117.0,107.0,247602.0,46.0,137322.0,18.0,109673.0,57.0,107133.0,28.0,89255.0,11.0,122684.0,36.0,85859.0,65.0,74027.0,52.0,105908.0,41.0,46070.0,156.0,54424.0,117.0,59048.0,39.0,41626.0,8.0,39191.0,1.0,33534.0,1.0,29965.0,9.0,41518.0,15.0,27625.0,26.0,17610.0,27.0,12999.0,115.0,15214.0,,,6.0,11425.0,70.0,10835.0,132.0,14164.0,141.0,9017.0,82.0,7109.0,195.0,11544.0,50.0,7543.0,149.0,5617.0,39.0,6818.0,,,21.0,5426.0,74.0,4275.0,108.0,5321.0,30.0,4587.0,131.0,5958.0,11.0,4173.0,5.0,2542.0,151.0,4014.0,169.0,4529.0,,,,
2025-08-17,Golden,Unknown,daily,1,7546598,1,1939219,3,820955,1,369486,1,306163,1.0,393003.0,1,147279,3,108533,1.0,335298.0,2,113709,2,90383,1,60020,2,37768,1.0,125091.0,1.0,95407.0,7.0,24037.0,1,15359,12.0,51223.0,1.0,5724.0,11,12087,21.0,38044.0,2.0,37629.0,15.0,4004.0,1CPZ5BxNNd0n0nF4Orb9JS,83.0,284546.0,80.0,253214.0,108.0,213753.0,43.0,128159.0,13.0,105745.0,51.0,102708.0,30.0,87909.0,6.0,113806.0,32.0,78855.0,63.0,73785.0,49.0,111287.0,36.0,42329.0,138.0,47865.0,112.0,54212.0,38.0,36718.0,8.0,38790.0,1.0,33537.0,1.0,29064.0,7.0,37926.0,15.0,26480.0,30.0,22827.0,29.0,12545.0,111.0,15276.0,,,5.0,11333.0,69.0,9776.0,115.0,13200.0,136.0,8780.0,77.0,6520.0,175.0,10725.0,48.0,6608.0,138.0,5392.0,41.0,6049.0,,,16.0,5438.0,80.0,3857.0,90.0,5070.0,33.0,4581.0,118.0,5443.0,7.0,4140.0,4.0,2529.0,132.0,3600.0,176.0,4054.0,,,,
